Classic Fractals,Dragon Curve,seed=f&f=flg_1_0&g=frg_1_0&r=r_3_90&l=l_4_90&it=13,,,
Classic Fractals,Terdragon,seed=f&f=frflf_1_0&r=r_3_120&l=l_4_120&it=10,,,
Classic Fractals,Hilbert Curve,seed=x&f=f_1_0&r=r_3_90&l=l_4_90&x=ryflxfxlfyr_0_0&y=lxfryfyrfxl_0_0&it=6,,,
Classic Fractals,Koch Snowflake,seed=fllfllf&f=frfllfrf_1_0&r=r_3_60&l=l_4_60&it=6,,,
Classic Fractals,Levy C-Curve,seed=f&f=fgl_1_0&g=fgr_1_0&r=r_3_90&l=l_4_90&it=13,,,
Classic Fractals,Sierpinski Triangle,seed=flglg&f=flgrfrglf_1_0&g=gg_1_0&r=r_3_120&l=l_4_120&it=7,,,
Classic Fractals,Sierpinski Carpet (But with Overlap),seed=f&f=flfrfrffrfrffrfrflf_1_0&r=r_3_90&l=l_4_90&it=5,,,
Classic Fractals,Sierpinski Carpet (No Overlap but Not Quite Right),seed=f&f=flfrfrfrglflflfrf_1_0&g=ggg_1_0&r=r_3_90&l=l_4_90&it=5,,,
Tillman's Favorites,Flower Trellis,seed=f&f=lflfbrbrrfrfblbl_1_0&b=bb_2_0&r=r_3_120&l=l_4_120&it=8,,,
Tillman's Favorites,Forest Branches,seed=f&f=frrglgrrf_1_0&g=fllgrgllf_1_0&r=r_3_30&l=l_4_30&it=8,,,
Tillman's Favorites,Flower Bunches,seed=f&f=rfrflflfrfr_1_0&r=r_3_135&l=l_4_90&it=6,,,
Tillman's Favorites,Grape Leaves,seed=f&f=flfrf_1_0&b=blbrb_2_0&r=lbrfr_3_90&l=lblfr_4_90&it=7,,,
Tillman's Favorites,Mandelbrot Prickly Pear,seed=f&f=ffbl_1_0&b=bbfl_2_0&l=l_3_90&it=10,,,
Tillman's Favorites,Metal Bramble Thicket,seed=f&f=frgrh_1_0&g=flglh_1_0&h=fgh_1_0&r=r_3_60&l=l_4_60&it=11,,,
Tillman's Favorites,Flower Dragon v2,seed=f&f=rfllffrrfl_1_0&r=r_3_60&l=l_4_60&it=8,,,
Tillman's Favorites,Coral Dragon,seed=f&f=fpfm_1_0&b=rblb_2_0&r=r_3_120&p=bp_3_90&l=lf_4_120&m=m_4_90&it=10,,,
Tillman's Favorites,River Vine Dragon,seed=fx&f=f_1_0&l=l_3_45&r=r_4_45&x=xllfyfr_0_0&y=lfxfrry_0_0&it=11,,,
Tillman's Favorites,Spinning Blade Dragon,seed=m&f=f_1_0&m=mrfpfr_3_60&X=X_3_90&r=r_4_90&p=XfmfXp_4_60&it=12,,,
Tillman's Favorites,Sunbonnet Sue Chain,seed=f&f=lflbrfr_1_0&b=brflb_2_0&r=r_3_60&l=l_4_60&it=10,,,
Tillman's Favorites,Woven Dragon Blades,seed=fx&f=f_1_0&r=r_3_90&l=l_4_90&x=xrfyr_0_0&y=lxfly_0_0&it=13,,,
Tillman's Favorites,Hilbert Triangle,seed=x&f=f_1_0&r=r_3_45&l=l_4_45&x=ryflflfyr_0_0&y=lxfrfrfxl_0_0&it=12,,,
Tillman's Favorites,Triangle Grid v1,seed=ffrff&f=lffrffl_1_0&b=b_2_0&r=r_3_90&l=lbbl_4_45&it=7,,,
Tillman's Favorites,Woven Mat,seed=f&f=rghlflhgr_1_0&g=lfhrgrhfl_1_0&h=h_1_0&r=r_3_90&l=l_4_90&it=9,,,
Tillman's Favorites,Christmas Star-Wreath,seed=f&f=flffggrg_1_1&g=grglgrg_1_1&r=r_3_150&l=l_4_150&it=7,,,
Tillman's Favorites,Lace Collar v2,seed=frglflgrf&f=fmglflgmf_1_0&g=grfpgpfrg_1_0&r=r_3_60&p=p_3_30&l=l_4_60&m=m_4_30&it=5,,,
Tillman's Favorites,Hexagon Chain,seed=f&f=lgrfrgl_1_0&g=g_1_0&r=rrg_3_150&l=gll_4_60&it=16,,,
Tillman's Favorites,Lace Collar,seed=frglflgrf&f=flglflglf_1_0&g=grfrgrfrg_1_0&r=r_3_45&l=l_4_45&it=5,,,
Tillman's Favorites,Potted Plant Chandelier,seed=f&f=flgmgnfqfngmglf_1_0&l=l_3_45&g=gg_1_0&m=m_3_90&n=n_3_135&q=q_3_45&it=7,,,
Tillman's Favorites,Triangle Vine Wings,seed=f&f=flgiglf_1_0&l=l_3_30&m=m_3_90&r=r_4_180&g=gpfhfpg_1_0&h=hhrhh_1_0&p=p_4_60&i=iimii_1_0&it=7,,,
Tillman's Favorites,Trumpet Circuit Board,seed=r&f=f_1_0&r=rfrlfr_3_90&l=lffl_4_0&it=9,,,
Tillman's Favorites,Twin-Blade Shuriken v2,seed=f&f=rflrfl_1_0&b=bb_2_0&r=rb_3_150&l=bl_4_90&it=12,,,
Tillman's Favorites,Wool Twist v2,seed=x&f=_1_0&r=r_3_150&l=ly_4_150&x=lfryrfl_0_0&y=rylflyr_0_0&it=10,,,
Tillman's Favorites,Jack Frost,seed=f&f=fblmmlbf_1_0&b=blm_2_0&l=lff_3_45&m=mlm_3_45&it=8,,,
Tillman's Favorites,Koch from Levy Variant 3,seed=f&f=lfrbrfl_1_0&b=lbl_2_0&r=r_3_30&l=l_4_45&it=12,,,
Tillman's Favorites,X-Flake,seed=frfr&f=frxxrf_1_0&r=r_3_60&l=l_4_60&x=lfxxfl_0_0&it=6,,,
Tillman's Favorites,Cauliflower Cross Section ,seed=x&f=ff_1_0&r=r_3_90&l=l_4_90&x=lfxrfxfrxfl_0_0&it=7,,,
Tillman's Favorites,Inside Out Triangle,seed=x&f=fxf_1_0&b=b_2_0&l=l_3_120&x=lflblflblfl_0_0&it=8,,,
Tillman's Favorites,Sierpinski Shark,seed=f&f=fllfglf_1_0&g=glfgllg_1_0&l=l_3_120&it=8,,,
Tillman's Favorites,Circle Tassels,seed=rr&f=flgg_1_0&g=gg_1_0&r=rffrrfrrr_3_30&l=rfflllflg_4_30&it=5,,,
Tillman's Favorites,Diamond Rockets,seed=f&f=rblflflbr_1_0&b=lfrbrbrfl_2_0&r=r_3_90&l=l_4_90&it=8,,,
Tillman's Favorites,Fancy Hand Mirror Variant,seed=f&f=frbrf_1_1&b=blflb_2_1&r=r_3_120&l=l_4_30&it=10,,,
Tillman's Favorites,Mirrored Candelabra,seed=f&f=frf_1_0&b=bpb_2_0&r=rbr_4_90&p=pfp_4_90&it=10,,,
Tillman's Favorites,Seahorse Mask,seed=f&f=frflflfrf_1_0&r=r_3_90&l=l_4_120&it=6,,,
Tillman's Favorites,Another Wind Gust,seed=f&f=flglh_1_0&g=frgrh_1_0&h=rflglhr_1_0&r=r_3_60&l=l_4_60&it=10,,,
Tillman's Favorites,DNA Streamers,seed=f&f=flfrf_1_0&r=r_3_60&l=l_4_90&it=10,,,
Tillman's Favorites,Fin Waves,seed=f&f=flbrf_1_0&b=blfrb_2_0&r=br_3_60&l=lf_4_60&it=9,,,
Tillman's Favorites,Godzilla Fin Chain,seed=f&f=frfrbrb_1_0&b=blbblb_2_0&r=r_3_150&l=l_4_90&it=7,,,
Tillman's Favorites,Tentacles,seed=f&f=frfrfrlfl_1_0&r=r_3_60&l=l_4_150&it=8,,,
Tillman's Favorites,Wind Gust,seed=f&f=flfrf_1_0&b=blbrb_2_0&r=br_3_120&l=lf_4_120&it=9,,,
Tillman's Favorites,Chaos Cookie Kermit,seed=f&f=rblflflbr_1_0&b=lfrbrbrfl_2_0&r=r_3_144&l=l_4_144&it=8,,,
Tillman's Favorites,Chaos Kermit,seed=l&f=flpfmmfmfmmfplf_1_0&m=mf_3_60&l=lf_4_90&p=pf_4_60&it=6,,,
Tillman's Favorites,Thunderbird Curve,seed=f&f=fbrbf_1_0&b=lbfbl_2_0&r=r_3_90&l=l_4_90&it=10,,,W
Tillman's Favorites,Thunderbird Profile,seed=f&f=fxyxf_1_0&r=rx_3_120&l=yl_4_120&x=lfrfrfl_0_0&y=rflflfr_0_0&it=7,,,
Tillman's Favorites,This Curve Does More in a Few Degrees than I've Done in My Entire Life,seed=f&f=frffrf_1_0&r=r_3_90&it=7,,,
Botanical Curves,Maple Pine Trees,seed=b&b=brllr_2_1&r=r_3_120&l=bl_4_120&it=13,,,
Botanical Curves,Wheat Sheaves,seed=f&f=brflflfr_1_0&b=lbrbrblf_2_0&r=r_3_150&l=l_4_150&it=8,,,
Botanical Curves,Mandelbrot Prickly Pear,seed=f&f=ffbl_1_0&b=bbfl_2_0&l=l_3_90&it=10,,,
Botanical Curves,Pine Tree Ridge,seed=f&f=ffrbb_1_0&b=lbbrffl_2_0&r=r_3_30&l=l_4_120&it=8,,,
Botanical Curves,Broccoli Patch,seed=f&f=ffrbb_1_0&b=lbbrffl_2_0&r=r_3_90&l=l_4_90&it=9,,,
Botanical Curves,Grape Leaves,seed=f&f=flfrf_1_0&b=blbrb_2_0&r=lbrfr_3_90&l=lblfr_4_90&it=7,,,
Botanical Curves,Cedar Clumps,seed=f&f=flfrg_1_1&g=glgrf_1_1&r=rlr_3_135&l=lrl_4_45&it=8,,,
Botanical Curves,Metal Bramble Thicket,seed=f&f=frgrh_1_0&g=flglh_1_0&h=fgh_1_0&r=r_3_60&l=l_4_60&it=11,,,
Botanical Curves,Thistle Patch,seed=f&f=frgrh_1_0&g=flglh_1_0&h=fgh_1_0&r=rh_3_60&l=hl_4_60&it=10,,,
Botanical Curves,Forest Branches Variant 1,seed=f&f=frlgrglrf_1_0&g=flrglgrlf_1_0&r=r_3_45&l=l_4_135&it=8,,,
Botanical Curves,Bristle Bush,seed=f&f=frrfrfrllfl_1_0&r=r_3_90&l=l_4_45&it=8,,,
Botanical Curves,Forest Branches,seed=f&f=frrglgrrf_1_0&g=fllgrgllf_1_0&r=r_3_30&l=l_4_30&it=8,,,
Botanical Curves,Thorny Vine,seed=f&f=glflgrfrg_1_0&g=gg_1_0&r=rg_3_135&l=gl_4_45&it=11,,,
Botanical Curves,Flower Trellis,seed=f&f=lflfbrbrrfrfblbl_1_0&b=bb_2_0&r=r_3_120&l=l_4_120&it=8,,,
Botanical Curves,Cactus Hills,seed=f&f=lfrflrfrlfrfl_1_0&r=r_3_120&l=l_4_210&it=6,,,
Botanical Curves,Goldsworthy Leaf Chain,seed=f&f=rffrf_1_0&r=r_4_120&it=9,,,
Botanical Curves,Pine Mountain Range,seed=f&f=rflbr_1_0&b=lbrfl_2_0&r=r_3_105&l=l_4_150&it=15,,,
Botanical Curves,Wheat Stalks,seed=f&f=rflrfl_1_0&b=bb_2_0&r=rb_3_120&l=bl_4_30&it=12,,,
Botanical Curves,Flower Bunches,seed=f&f=rfrflflfrfr_1_0&r=r_3_135&l=l_4_90&it=6,,,
Botanical Curves,Flower Loop Chain,seed=f&L=pLlf_1_0&l=l_3_60&f=flLp_4_90&p=p_4_60&it=14,,,
Botanical Curves,Perspective Pine Row,seed=fbrfbr&f=fbrfbr_1_0&b=bb_2_0&r=r_4_135&it=9,,,
Botanical Curves,Negative Space Trees,seed=frfrfrf&f=fflrfrrfrlff_1_0&r=r_3_150&l=l_4_60&it=6,,,
Botanical Curves,Digital Vine,seed=fx&f=fxy_1_0&b=bb_2_0&r=r_3_90&l=l_4_90&x=xrf_0_0&y=ylb_0_0&it=11,,,
Botanical Curves,Forest Branches Variant 2,seed=g&f=grrflfrrg_1_0&g=gllfrfllg_1_0&r=r_3_30&l=l_4_30&it=8,,,
Botanical Curves,Loopy Vine,seed=r&f=sflr_1_0&b=fblp_2_0&l=l_3_60&r=rlfs_4_90&p=plbr_4_90&s=s_4_60&it=14,,,
Botanical Curves,Flower Dragon,seed=x&f=f_1_0&r=r_3_60&l=l_4_60&x=xrfyfrx_0_0&y=ylfxfly_0_0&it=8,,,
Botanical Curves,Crayon Landscape,seed=x&f=yfllfy_1_0&r=r_3_210&l=l_4_120&x=xlffrrffly_0_0&y=yrfrx_0_0&it=8,,,
Botanical Curves,Bristle Thistle,seed=f&f=flglh_1_0&g=frgrh_1_0&h=fgh_1_0&r=hr_3_60&l=lh_4_60&it=10,,,
Dragon-Like Curves,Half Dragon,seed=f&f=ffllflfl_1_0&l=l_3_135&it=8,,,
Dragon-Like Curves,Cactus Dragon,seed=f&f=ffrrfrfflfllff_1_0&r=r_3_90&l=l_4_90&it=5,,,
Dragon-Like Curves,Terdragon Variant 2,seed=f&f=flbrf_1_0&b=blfrb_2_0&r=r_3_60&l=l_4_60&it=9,,,
Dragon-Like Curves,Dragon Curve,seed=f&f=flg_1_0&g=frg_1_0&r=r_3_90&l=l_4_90&it=13,,,
Dragon-Like Curves,Coral Dragon,seed=f&f=fpfm_1_0&b=rblb_2_0&r=r_3_120&p=bp_3_90&l=lf_4_120&m=m_4_90&it=10,,,
Dragon-Like Curves,Twin Dragon,seed=flf&f=flg_1_0&g=frg_1_0&r=r_3_90&l=l_4_90&it=13,,,
Dragon-Like Curves,Unicorn (Puffer Fish Dragon) Variant ,seed=f&f=frbblfr_1_1&b=blffrbl_2_1&r=r_3_90&l=l_4_90&it=9,,,
Dragon-Like Curves,Terdragon Variant,seed=f&f=frfrrf_1_0&r=r_4_120&it=9,,,
Dragon-Like Curves,Tooth and Claw,seed=f&f=frrffllf_1_0&r=rf_3_120&l=fl_4_120&it=6,,,
Dragon-Like Curves,Sunbonnet Sue Chain,seed=f&f=lflbrfr_1_0&b=brflb_2_0&r=r_3_60&l=l_4_60&it=10,,,
Dragon-Like Curves,Unicorn (Puffer Fish Dragon) Curve,seed=f&f=rbrf_1_0&b=flbl_2_0&r=r_3_90&l=l_4_90&it=15,,,
Dragon-Like Curves,Flower Dragon v2,seed=f&f=rfllffrrfl_1_0&r=r_3_60&l=l_4_60&it=8,,,
Dragon-Like Curves,Rectangle Dragon,seed=f&f=frfgflf_1_0&g=glgfgrg_1_0&r=r_3_90&l=l_4_90&it=8,,,
Dragon-Like Curves,Dragon Tail Spiral,seed=frf&f=f_1_0&r=rrfl_3_120&l=rfll_4_120&it=11,,,
Dragon-Like Curves,River Vine Dragon,seed=fx&f=f_1_0&l=l_3_45&r=r_4_45&x=xllfyfr_0_0&y=lfxfrry_0_0&it=11,,,
Dragon-Like Curves,River Vine Dragon Variant,seed=fx&f=f_1_0&r=r_3_45&l=l_4_45&x=xrrfyfl_0_0&y=rfxflly_0_0&it=11,,,
Dragon-Like Curves,Woven Dragon Blades,seed=fx&f=f_1_0&r=r_3_90&l=l_4_90&x=xrfyr_0_0&y=lxfly_0_0&it=13,,,
Dragon-Like Curves,Wiggly Dragon,seed=fxf&f=f_1_0&r=r_3_90&l=l_4_90&x=rxrflfry_0_0&y=xlfrflyl_0_0&it=13,,,
Dragon-Like Curves,Box Kite Dragon,seed=l&f=ffl_1_0&l=llf_3_90&it=11,,,
Dragon-Like Curves,Box Kite Twin Dragon,seed=ll&f=ffl_1_0&l=llf_3_90&it=9,,,
Dragon-Like Curves,Spinning Blade Dragon,seed=m&f=f_1_0&m=mrfpfr_3_60&X=X_3_90&r=r_4_90&p=XfmfXp_4_60&it=12,,,
Dragon-Like Curves,Pinwheel Dragon,seed=p&f=f_1_0&p=pmfrfm_3_60&m=m_3_90&r=XfpfXr_4_60&X=X_4_90&it=12,,,
Dragon-Like Curves,Messy Dragon,seed=x&f=f_1_0&r=frf_3_90&l=flf_4_90&x=xfrfy_0_0&y=xflfy_0_0&it=13,,,
Dragon-Like Curves,Shear Tool Dragon v2,seed=x&f=f_1_0&r=r_3_135&l=l_4_45&x=fryrffx_0_0&y=yfflxlf_0_0&it=14,,,
Dragon-Like Curves,Shear Tool Dragon v1,seed=x&f=f_1_0&r=r_3_90&l=l_4_90&x=fryrffx_0_0&y=yfflxlf_0_0&it=14,,,
Hilbert-Like Curves,Circle Diamond Carpet,seed=f&f=flgmgnfqfngmglf_1_0&l=l_3_45&g=gg_1_0&m=m_3_90&n=n_3_135&q=q_3_90&it=7,,,
Hilbert-Like Curves,Woven Mat,seed=f&f=rghlflhgr_1_0&g=lfhrgrhfl_1_0&h=h_1_0&r=r_3_90&l=l_4_90&it=9,,,
Hilbert-Like Curves,Triangle Grid v1,seed=ffrff&f=lffrffl_1_0&b=b_2_0&r=r_3_90&l=lbbl_4_45&it=7,,,
Hilbert-Like Curves,Triangle Grid v2,seed=ffrff&f=lffrffl_1_0&b=b_2_0&r=r_3_90&l=lbbl_4_90&it=6,,,
Hilbert-Like Curves,Hilbert Snowflake,seed=p&f=f_1_0&p=mrfApAfrm_3_15&m=m_3_45&r=ApfmrmfpA_4_15&A=A_4_45&it=9,,,
Hilbert-Like Curves,Fancy Hilbert Curve,seed=p&f=f_1_0&p=mrfApfpAfrm_3_15&m=m_3_90&r=ApfmrfrmfpA_4_15&A=A_4_90&it=6,,,
Hilbert-Like Curves,Hilbert Triangle,seed=x&f=f_1_0&r=r_3_45&l=l_4_45&x=ryflflfyr_0_0&y=lxfrfrfxl_0_0&it=12,,,
Hilbert-Like Curves,Hilbert Curve,seed=x&f=f_1_0&r=r_3_90&l=l_4_90&x=ryflxfxlfyr_0_0&y=lxfryfyrfxl_0_0&it=6,,,
Hilbert-Like Curves,This Curve Does More in a Few Degrees than I've Done in My Entire Life,seed=f&f=frffrf_1_0&r=r_3_90&it=7,,,
Knots & Tangles,Twin-Blade Shuriken v1,seed=f&f=brflrflb_1_0&b=bb_2_0&r=rb_3_90&l=bl_4_150&it=12,,,
Knots & Tangles,Chain of 8s,seed=f&f=fgrffr_1_0&g=lgglfg_1_0&r=r_3_60&l=l_4_60&it=8,,,
Knots & Tangles,Christmas Star-Wreath,seed=f&f=flffggrg_1_1&g=grglgrg_1_1&r=r_3_150&l=l_4_150&it=7,,,
Knots & Tangles,Triangle Vine Wings,seed=f&f=flgiglf_1_0&l=l_3_30&m=m_3_90&r=r_4_180&g=gpfhfpg_1_0&h=hhrhh_1_0&p=p_4_60&i=iimii_1_0&it=7,,,
Knots & Tangles,W Antlers,seed=f&f=flgmgnfqfngmglf_1_0&l=l_3_30&g=gg_1_0&m=m_3_60&n=n_3_120&q=q_3_150&it=7,,,
Knots & Tangles,Oval Antlers,seed=f&f=flgmgnfqfngmglf_1_0&l=l_3_30&g=gg_1_0&m=m_3_60&n=n_3_120&q=q_3_180&it=7,,,
Knots & Tangles,Potted Plant Chandelier,seed=f&f=flgmgnfqfngmglf_1_0&l=l_3_45&g=gg_1_0&m=m_3_90&n=n_3_135&q=q_3_45&it=7,,,
Knots & Tangles,Rectangle Spiral,seed=f&f=fllfrrf_1_1&l=fl_3_90&r=rf_4_90&it=9,,,
Knots & Tangles,Heart Locket,seed=f&f=fllgrgllf_1_0&g=frrglgrrf_1_0&r=r_3_60&l=l_4_60&it=8,,,
Knots & Tangles,Endless Perspective Triangles,seed=f&f=fmfbrb_1_0&b=bb_2_0&m=mb_3_135&r=br_3_135&it=10,,,
Knots & Tangles,Chef's Knife Curve Variant,seed=f&f=fmfbrb_1_0&b=bb_2_0&m=mb_3_135&r=br_3_45&it=10,,,
Knots & Tangles,Spider Web Lace,seed=f&f=fmfrggrfmf_1_1&g=g_1_1&m=m_3_210&r=r_3_30&it=8,,,
Knots & Tangles,Cauliflower Swirls,seed=f&f=fpfm_1_0&b=rblb_2_0&r=rf_3_60&p=pf_3_120&l=bl_4_60&m=bm_4_120&it=11,,,
Knots & Tangles,Lace Fish Hook,seed=f&f=frbfrblf_1_1&b=blfrbfrb_2_1&r=r_3_150&l=l_4_150&it=8,,,
Knots & Tangles,Bat-Wing Antlers,seed=f&f=frf_1_1&b=blb_2_1&r=brfrb_3_30&l=flblf_4_30&it=10,,,
Knots & Tangles,Chef's Knife R-Curve (Hourglass Sailboats Variant),seed=f&f=frfblb_1_0&b=bb_2_0&r=rb_3_135&l=bl_4_45&it=10,,,
Knots & Tangles,Messy Diamond Chain,seed=f&f=frfrrfrrrfrrrrf_1_0&r=r_4_30&it=6,,,
Knots & Tangles,Spiky Swoop,seed=f&f=frrfrfrllfl_1_0&b=b_2_0&r=r_3_90&l=l_4_45&it=8,,,
Knots & Tangles,Triangle Chain,seed=f&f=fxyxf_1_0&r=rx_3_120&l=yl_4_120&x=lfrfrflf_0_0&y=frflflfr_0_0&it=7,,,
Knots & Tangles,Fused Snowflakes,seed=f&f=lfl_1_0&b=rbr_2_0&l=blb_3_60&r=frf_4_60&it=9,,,
Knots & Tangles,Triquetra Chain v2,seed=f&f=lflrfrfrfrlfl_1_0&r=r_3_120&l=l_4_60&it=7,,,
Knots & Tangles,Shuriken Chain,seed=f&f=lflrfrfrfrlfl_1_0&r=r_3_30&l=l_4_90&it=6,,,
Knots & Tangles,Star Triangle Lace,seed=f&f=lfrrfl_1_0&l=lfl_3_60&r=rfr_4_90&it=8,,,
Knots & Tangles,Hexagon Chain,seed=f&f=lgrfrgl_1_0&g=g_1_0&r=rrg_3_150&l=gll_4_60&it=16,,,
Knots & Tangles,Triquetra Chain,seed=f&f=rflflffrfrfflflfr_1_0&r=r_3_120&l=l_4_90&it=5,,,
Knots & Tangles,Twin-Blade Shuriken v2,seed=f&f=rflrfl_1_0&b=bb_2_0&r=rb_3_150&l=bl_4_90&it=12,,,
Knots & Tangles,Spike Doodle,seed=f&f=rfrgl_1_0&g=lflgr_1_0&r=r_3_60&l=l_4_60&it=16,,,
Knots & Tangles,Lace Collar,seed=frglflgrf&f=flglflglf_1_0&g=grfrgrfrg_1_0&r=r_3_45&l=l_4_45&it=5,,,
Knots & Tangles,Lace Collar v2,seed=frglflgrf&f=fmglflgmf_1_0&g=grfpgpfrg_1_0&r=r_3_60&p=p_3_30&l=l_4_60&m=m_4_30&it=5,,,
Knots & Tangles,Trumpet Circuit Board,seed=r&f=f_1_0&r=rfrlfr_3_90&l=lffl_4_0&it=9,,,
Knots & Tangles,Wool Twist v1,seed=x&f=_1_0&r=fr_3_150&l=ly_4_150&x=lfryrfl_0_0&y=rylflyr_0_0&it=10,,,
Knots & Tangles,Wool Twist v2,seed=x&f=_1_0&r=r_3_150&l=ly_4_150&x=lfryrfl_0_0&y=rylflyr_0_0&it=10,,,
Knots & Tangles,Star Explosion,seed=x&f=ff_1_0&r=rf_3_150&l=fl_4_150&x=yflfxflf_0_0&y=frfyfrfx_0_0&it=8,,,
Knots & Tangles,Radioactive Chain,seed=x&f=fy_1_0&l=lf_3_120&x=xflfllfllflf_0_0&y=yf_0_0&it=13,,,
Knots & Tangles,Just a Spiral,seed=x&f=fy_1_0&l=lf_3_30&x=xflfllfllflf_0_0&y=yf_0_0&it=13,,,
Knots & Tangles,Organic Twin-Blade Shuriken,seed=x&f=lfr_1_0&r=rxr_3_60&l=lxl_4_60&x=xrflx_0_0&it=9,,,
Knots & Tangles,Keystone Curve,seed=f&it=9&f=flrlf_1_0&l=lgl_4_60&r=rgr_3_120&g=gg_1_0,,,
Knots & Tangles,The Scream Curve,seed=f&it=5&f=flfrfrfrfrflf_1_0&l=l_4_60&r=r_3_60,,,
Knots & Tangles,whooOaaa whooOaaa whooOaaa,seed=f&it=5&f=frflfgflfrf_1_0&l=lgl_4_75&r=rfr_3_75&g=gg_1_0,,,
Koch-Like Curves,Jack Frost,seed=f&f=fblmmlbf_1_0&b=blm_2_0&l=lff_3_45&m=mlm_3_45&it=8,,,
Koch-Like Curves,Tardigrade Snowflake,seed=f&f=ffrlfllflrff_1_0&r=r_3_210&l=l_4_30&it=6,,,
Koch-Like Curves,Messy Snowflake,seed=f&f=fl_1_0&b=br_2_0&r=rf_3_30&l=lb_4_150&it=17,,,
Koch-Like Curves,Paper Flake Chain Variant,seed=f&f=flboblf_1_0&b=blfoflb_2_0&o=obo_3_120&l=lfl_4_30&it=7,,,
Koch-Like Curves,TM Skyline,seed=f&f=flgmgngqgngmglf_1_0&l=l_3_45&g=gg_1_0&m=m_3_90&n=n_3_135&q=q_3_90&it=10,,,
Koch-Like Curves,Tinker Flakes,seed=f&f=flrlf_1_0&r=rrffrr_3_150&l=llffll_4_150&it=7,,,
Koch-Like Curves,Koch Monster,seed=f&f=fmmfgrf_1_0&g=gmfgrrg_1_0&m=m_3_165&r=r_3_165&it=8,,,
Koch-Like Curves,Paper Flake Chain,seed=f&f=frblbrf_1_0&b=brflfrb_2_0&l=lbl_3_120&r=rfr_4_30&it=7,,,
Koch-Like Curves,Koch/Cesaro Variant,seed=f&f=frrfglf_1_0&g=grfgllg_1_0&r=r_3_165&l=l_4_165&it=8,,,
Koch-Like Curves,Koch from Levy,seed=f&f=lfrbrfl_1_0&b=lbl_2_0&r=r_3_120&l=l_4_45&it=10,,,
Koch-Like Curves,Koch from Levy Variant 1,seed=f&f=lfrbrfl_1_0&b=lbl_2_0&r=r_3_150&l=l_4_45&it=12,,,
Koch-Like Curves,Koch from Levy Variant 2,seed=f&f=lfrbrfl_1_0&b=lbl_2_0&r=r_3_30&l=l_4_120&it=12,,,
Koch-Like Curves,Koch from Levy Variant 3,seed=f&f=lfrbrfl_1_0&b=lbl_2_0&r=r_3_30&l=l_4_45&it=12,,,
Koch-Like Curves,Koch from Levy Variant 4,seed=f&f=lfrbrfl_1_0&b=lbl_2_0&r=r_3_90&l=l_4_120&it=12,,,
Koch-Like Curves,Triangle-Capped Flake,seed=ffffff&f=xflfx_1_0&r=r_3_60&l=l_4_60&x=lxrfrfrxl_0_0&it=7,,,
Koch-Like Curves,Koch Snowflake,seed=fllfllf&f=frfllfrf_1_0&r=r_3_60&l=l_4_60&it=6,,,
Koch-Like Curves,X-Flake,seed=frfr&f=frxxrf_1_0&r=r_3_60&l=l_4_60&x=lfxxfl_0_0&it=6,,,
Koch-Like Curves,Snowflake Hiding Sierpinski,seed=frrfrrfrrfrrfrrf&f=frrfrflfllllflfrfrrf_1_0&r=r_3_30&l=l_4_30&it=4,,,
Koch-Like Curves,Organic Quasi-Flake,seed=r&f=ff_1_0&r=rffrfl_3_60&l=lflffr_4_60&it=8,,,
Koch-Like Curves,Flake and Anti-Flake,seed=x&f=fr_1_0&l=lr_3_120&r=rf_4_120&x=xflfllflf_0_0&it=15,,,
Levy-Like Curves,Garden Levy 2,seed=b&f=f_1_0&b=bbfl_2_0&l=l_3_90&it=12,,,
Levy-Like Curves,Messy Levy Diamond,seed=b&f=f_1_0&b=rbfrflar_2_0&a=lbrflfalfrr_2_0&r=r_3_120&l=l_4_120&it=11,,,
Levy-Like Curves,3-adic Valuations of Mess,seed=f&f=ffbbfl_1_0&b=b_2_0&l=l_3_90&it=10,,,
Levy-Like Curves,Jittery C-Curve,seed=f&f=ffbl_1_0&b=b_2_0&l=l_3_90&it=12,,,
Levy-Like Curves,Levy Diamond Fruit Trees,seed=f&f=ffrbb_1_0&b=lbbl_2_0&r=r_3_120&l=l_4_90&it=11,,,
Levy-Like Curves,Levy C-Curve,seed=f&f=fgl_1_0&g=fgr_1_0&r=r_3_90&l=l_4_90&it=13,,,
Levy-Like Curves,Levy Jorj,seed=f&f=flffrrrfblllbbrb_1_0&b=b_2_0&r=r_3_90&l=l_4_90&it=8,,,
Levy-Like Curves,Hidden Levy Jorj,seed=f&f=fmfbrb_1_0&b=bb_2_0&m=mb_3_90&r=br_3_90&it=10,,,
Levy-Like Curves,Rectangle Vortex C-Curve,seed=f&f=frfblb_1_0&b=bb_2_0&r=rb_3_90&l=bl_4_90&it=10,,,
Levy-Like Curves,Voxel Art C-Curve,seed=f&f=lffrfrfrffl_1_0&r=r_3_90&l=l_4_90&it=6,,,
Levy-Like Curves,Levy Diamond Octopuses,seed=f&f=lflbbrfr_1_0&b=brfflb_2_0&r=r_3_120&l=l_4_120&it=7,,,
Levy-Like Curves,Flowerpot Curve,seed=f&f=lflflrflflrflfl_1_0&r=r_3_210&l=l_4_90&it=6,,,
Levy-Like Curves,Butterfly Garden C-Curve,seed=f&f=lfrbrbrfl_1_0&b=lbl_2_0&r=r_3_45&l=l_4_45&it=10,,,
Levy-Like Curves,Levy from Koch,seed=f&f=lfrbrfl_1_0&b=lbl_2_0&r=r_3_120&l=l_4_120&it=12,,,
Levy-Like Curves,Biceps C-Curve,seed=f&f=lfrfl_1_0&b=b_2_0&r=frbrf_3_90&l=l_4_90&it=11,,,
Levy-Like Curves,Halloween Town Curve,seed=f&f=lfrfl_1_0&g=g_1_0&r=gr_3_120&l=lg_4_60&it=10,,,
Levy-Like Curves,Fruit Tree C-Curve,seed=f&f=lfrflfrflfrfl_1_0&r=r_3_120&l=l_4_90&it=5,,,
Levy-Like Curves,Stylized Platformer,seed=f&f=lfrflfrflfrfl_1_0&r=r_3_45&l=l_4_135&it=6,,,
Levy-Like Curves,Skyscraper C-Curve,seed=f&f=lfrflfrfrflfrfl_1_0&r=r_3_90&l=l_4_90&it=6,,,
Levy-Like Curves,Crucifix C-Curve,seed=f&f=rfbrlrbfr_1_0&b=rbr_2_0&r=r_3_135&l=ll_4_90&it=11,,,
Levy-Like Curves,Garden Levy,seed=f&f=rflfr_1_0&b=bb_2_0&r=r_3_135&l=l_4_135&it=12,,,
Levy-Like Curves,Levy Made of Vs,seed=f&f=rflfr_1_0&r=r_3_135&l=l_4_135&it=12,,,
Levy-Like Curves,Vine-Covered Ruins,seed=f&f=rfrfl_1_0&b=b_2_0&r=rb_3_90&l=bl_4_0&it=13,,,
Levy-Like Curves,Lacy C-Curve,seed=f&f=rfrfr_1_0&b=blb_2_0&r=rbr_3_45&l=l_4_45&it=10,,,
Levy-Like Curves,3-adic Valuations of N,seed=f&f=rfrfrf_1_0&r=r_4_90&it=7,,,
Levy-Like Curves,Flower Garden C-Curve,seed=f&f=rfrlblblrfr_1_0&b=rbrbr_2_0&r=r_3_45&l=l_4_60&it=10,,,
Levy-Like Curves,Easter Egg Curve,seed=fxf&f=fllfm_1_0&l=l_3_60&m=m_3_60&x=xmmxl_0_0&it=10,,,
Levy-Like Curves,Sparse C-Curve,seed=x&f=_1_0&r=r_3_150&l=l_4_150&x=lfryrfl_0_0&y=rylflyr_0_0&it=10,,,
Levy-Like Curves,Surprise C-Curve,seed=x&f=f_1_0&r=fr_3_45&l=lf_4_45&x=lxrxl_0_0&it=13,,,
Levy-Like Curves,Art Deco C-Curve,seed=x&f=f_1_0&r=r_3_135&l=l_4_135&x=rfryrfr_0_0&y=lylflyl_0_0&it=15,,,
Levy-Like Curves,Short and Stout Curve,seed=x&f=f_1_0&r=xf_3_90&l=fy_4_90&x=xlfrflx_0_0&y=yrflfry_0_0&it=10,,,
Levy-Like Curves,Cauliflower Cross Section ,seed=x&f=ff_1_0&r=r_3_90&l=l_4_90&x=lfxrfxfrxfl_0_0&it=7,,,
Levy-Like Curves,Fancy C-Curve,seed=x&f=ff_1_0&r=r_3_90&l=l_4_90&x=lfxrfxxfrxfl_0_0&it=7,,,
Levy-Like Curves,Diamond Thornbush,seed=x&f=fl_1_0&r=r_3_60&l=l_4_60&x=xfry_0_0&y=yflx_0_0&it=13,,,
Levy-Like Curves,Twin C-Curve,seed=x&f=lffrffl_1_0&r=r_3_90&l=l_4_90&x=lfryrfl_0_0&y=rylflyr_0_0&it=8,,,
Miscellaneous,Fibonacci Flower Kite,seed=f&f=flflflflflrflflflrflflrflrfl_1_0&r=r_3_150&l=l_4_90&it=5,,,
Miscellaneous,AT-AT Stack,seed=f&f=flfmblfrflbmflf_1_1&b=bb_2_1&l=l_3_30&m=m_3_60&r=r_4_120&it=7,,,
Miscellaneous,City Park Map,seed=f&f=flgmgnfqfngmglf_1_0&l=l_3_30&g=gg_1_0&m=m_3_90&n=n_3_120&q=q_3_150&it=7,,,
Miscellaneous,Oval AT-AT,seed=f&f=flgmgnfqfngmglf_1_0&l=l_3_45&g=gg_1_0&m=m_3_90&n=n_3_135&q=q_3_180&it=7,,,
Miscellaneous,80s Movie Poster R,seed=f&f=flgrgrglf_1_0&g=gg_1_0&l=gl_3_105&r=rg_4_105&it=8,,,
Miscellaneous,Fancy Hand Bells,seed=f&f=frbrf_1_0&b=blflb_2_0&r=r_3_120&l=l_4_30&it=9,,,
Miscellaneous,3E Tile Map,seed=f&f=frglhlgrf_1_1&g=grfrg_1_1&h=flhlf_1_1&r=r_3_90&l=l_4_90&it=9,,,
Miscellaneous,Just a Mess,seed=f&f=frgr_1_0&g=lgfg_1_0&r=rfgf_3_90&l=lflg_4_90&it=9,,,
Miscellaneous,Mountain Range Map,seed=f&f=lgfgr_1_0&g=rgfgl_1_0&r=rr_3_30&l=ll_4_30&it=9,,,
Miscellaneous,Spiral Pine Stars,seed=flflflflf&f=fpfpfmfmg_1_0&g=fmfmfpfpg_1_0&m=m_3_45&l=l_4_72&p=p_4_45&it=6,,,
Miscellaneous,T-Platform Square,seed=rrrr&f=rrgllgrr_1_0&g=g_1_0&r=rflfr_3_90&l=lfrfl_4_90&it=7,,,
Miscellaneous,Fancy Crosses,seed=x&f=ff_1_0&r=r_3_120&l=l_4_30&x=lfxrfxxfrxfl_0_0&it=7,,,
Miscellaneous,Quina Quen Curve,seed=f&it=10&f=flf_1_0&l=grg_4_60&g=glg_1_0&r=flf_3_60,,,
Sierpinski & Similar,Triangle Buttresses,seed=f&f=fflfrfrflff_1_0&r=r_3_120&l=l_4_120&it=5,,,
Sierpinski & Similar,Truncated Triangle,seed=f&f=ffrbrb_1_0&b=flflbb_2_0&r=r_3_60&l=l_4_60&it=8,,,
Sierpinski & Similar,Sierpinski Arrowhead ,seed=f&f=flfrfrflf_1_0&r=rlr_3_120&l=flf_4_120&it=6,,,
Sierpinski & Similar,Sierpinski Shark,seed=f&f=fllfglf_1_0&g=glfgllg_1_0&l=l_3_120&it=8,,,
Sierpinski & Similar,Sierpinski Jack Frost,seed=f&f=frfblf_1_0&b=brfblb_2_0&r=r_3_120&l=l_4_120&it=8,,,
Sierpinski & Similar,Sierpinski Pine Branch,seed=f&f=frfblf_1_0&b=brfblb_2_0&r=r_3_45&l=l_4_45&it=8,,,
Sierpinski & Similar,Sierpinski Jagged Arrow,seed=f&f=frfblf_1_0&b=brfblb_2_0&r=r_3_90&l=l_4_90&it=8,,,
Sierpinski & Similar,Circle Sierpinski,seed=f&f=lfrfllfrfl_1_0&r=rr_3_105&l=ll_4_105&it=7,,,
Sierpinski & Similar,Sierpinski Triangle v2,seed=f&f=lfrfllfrfl_1_0&r=rr_3_120&l=ll_4_120&it=7,,,
Sierpinski & Similar,Fancy Sierpinski Triangle,seed=f&f=lfrfllfrfl_1_0&r=rr_3_15&l=ll_4_15&it=7,,,
Sierpinski & Similar,Wavy Sierpinski Triangle,seed=f&f=lfrfllfrfl_1_0&r=rr_3_60&l=ll_4_60&it=7,,,
Sierpinski & Similar,Truncated Arrowhead,seed=f&f=rlflr_1_0&r=frf_3_120&l=flf_4_120&it=8,,,
Sierpinski & Similar,Angry Triangle Pillar,seed=f&f=rlflr_1_0&r=frf_3_135&l=l_4_135&it=10,,,
Sierpinski & Similar,Alien Treescape,seed=f&f=rlflr_1_0&r=frf_3_60&l=l_4_120&it=10,,,
Sierpinski & Similar,Sierpinski Diamond,seed=flf&f=ff_1_0&b=bb_2_0&l=lbllbl_3_120&it=7,,,
Sierpinski & Similar,Sierpinski Triangle,seed=flglg&f=flgrfrglf_1_0&g=gg_1_0&r=r_3_120&l=l_4_120&it=7,,,
Sierpinski & Similar,Sierpinski Triangle v3,seed=frrfrrfrrfrrfrrf&f=frrfrflfllllflfrfrrf_1_0&r=r_3_120&l=l_4_120&it=4,,,
Sierpinski & Similar,Inside Out Triangle,seed=x&f=fxf_1_0&b=b_2_0&l=l_3_120&x=lflblflblfl_0_0&it=8,,,
Sierpinski & Similar,Inside Out Inside Out Triangle,seed=x&f=fxf_1_0&b=b_2_0&l=l_3_60&x=lflblflblfl_0_0&it=8,,,
Sierpinski & Similar,40-Degree Triangle Paradise,seed=xlgrA&x=xlgrA_1_0&g=gxlrA_1_0&l=lxgrA_3_40&r=rxlgA_4_40&A=lxlxl_0_0&it=5,,,
Squares & Circles,Zooming Python Logos,seed=b&f=ffllfllff_1_0&b=bbllbllbb_2_0&l=lf_3_90&it=6,,,
Squares & Circles,Stamp Tantrum,seed=f&f=fbl_1_0&b=bffrlrffb_2_0&l=lbf_3_45&r=rlr_4_45&it=8,,,
Squares & Circles,Cookie Chain (Mutant Cookie Monster Variant),seed=f&f=flfggflflflfggflflflfggflflflfggflfl_1_0&g=g_1_0&l=l_3_105&it=4,,,
Squares & Circles,Big Dipper,seed=f&f=fllbrr_1_0&b=llfrrb_2_0&r=rf_3_90&l=bl_4_90&it=9,,,
Squares & Circles,Fancy Hand Mirror,seed=f&f=frbrf_1_0&b=blflb_2_0&r=r_3_60&l=l_4_150&it=9,,,
Squares & Circles,Fancy Hand Mirror Variant,seed=f&f=frbrf_1_1&b=blflb_2_1&r=r_3_120&l=l_4_30&it=10,,,
Squares & Circles,Mirrored Candelabra,seed=f&f=frf_1_0&b=bpb_2_0&r=rbr_4_90&p=pfp_4_90&it=10,,,
Squares & Circles,Seahorse Mask,seed=f&f=frflflfrf_1_0&r=r_3_90&l=l_4_120&it=6,,,
Squares & Circles,Circle Squares Chain,seed=f&f=frfrflflfrfrf_1_0&r=r_3_90&l=l_4_90&it=6,,,
Squares & Circles,Antennae,seed=f&f=fxrrxf_1_0&r=r_3_90&l=l_4_90&x=xlfyflx_0_0&y=rfyyfr_0_0&it=7,,,
Squares & Circles,Skyscrapers,seed=f&f=fxryrxf_1_0&r=r_3_90&l=l_4_90&x=xlfflx_0_0&y=rfyyfr_0_0&it=7,,,
Squares & Circles,More Ts,seed=f&f=lfrfflffrfl_1_0&r=r_3_90&l=l_4_90&it=6,,,
Squares & Circles,Spiky Rectangles,seed=f&f=lfrfflffrfl_1_0&r=rf_3_90&l=fl_4_90&it=6,,,
Squares & Circles,Oval Chain,seed=f&f=lfrflrfrlfrfl_1_0&r=r_3_30&l=l_4_210&it=6,,,
Squares & Circles,Diamond Rockets,seed=f&f=rblflflbr_1_0&b=lfrbrbrfl_2_0&r=r_3_90&l=l_4_90&it=8,,,
Squares & Circles,VVVVVV Curve,seed=f&f=rfblbfr_1_0&b=bb_2_0&r=r_3_90&l=l_4_90&it=12,,,
Squares & Circles,Block Chain,seed=fbf&f=frrbllf_1_0&b=bllfrrb_2_0&r=frf_3_90&l=brb_4_90&it=6,,,
Squares & Circles,Another Cross Square,seed=flfl&f=fflglff_1_0&g=grg_1_0&r=r_3_90&l=lgl_4_90&it=7,,,
Squares & Circles,Plus Sign Squares,seed=frfrfrf&f=lflfrfrflfl_1_0&r=r_3_90&l=l_4_90&it=5,,,
Squares & Circles,X and Cross Square,seed=frfrfrfr&f=frfflfflffrf_1_0&r=r_3_90&l=l_4_90&it=4,,,
Squares & Circles,Circle Tassels,seed=rr&f=flgg_1_0&g=gg_1_0&r=rffrrfrrr_3_30&l=rfflllflg_4_30&it=5,,,
Squares & Circles,Boxy Grid Space,seed=rrrr&f=lfgfl_1_0&g=g_1_0&r=frf_3_90&l=flf_4_90&it=8,,,
Squares & Circles,Triforce Tiles,seed=f&f=rfllfr_1_0&r=rfr_3_60&l=lfl_4_90&it=8,,,
Squares & Circles,A T of Ts,seed=x&f=ff_1_0&r=r_3_90&l=l_4_90&x=lfxrffrxfl_0_0&it=9,,,
Squares & Circles,30-Degree Squaradise,seed=xlgrA&x=xlgrA_1_0&g=gxlrA_1_0&l=lxgrA_3_30&r=rxlgA_4_30&A=lxlxl_0_0&it=5,,,
Winds & Waves,Cotton Puff Cloud,seed=f&f=brf_1_0&b=lfbl_2_0&r=r_3_90&l=l_4_90&it=16,,,
Winds & Waves,Fin Waves,seed=f&f=flbrf_1_0&b=blfrb_2_0&r=br_3_60&l=lf_4_60&it=9,,,
Winds & Waves,Fjord Peninsula,seed=f&f=flflfrfrg_1_0&g=frfrflflg_1_0&r=r_3_45&l=l_4_45&it=7,,,
Winds & Waves,Wind Gust,seed=f&f=flfrf_1_0&b=blbrb_2_0&r=br_3_120&l=lf_4_120&it=9,,,
Winds & Waves,Silver Lining,seed=f&f=flfrf_1_0&b=blbrb_2_0&r=br_3_90&l=lf_4_90&it=8,,,
Winds & Waves,DNA Streamers,seed=f&f=flfrf_1_0&r=r_3_60&l=l_4_90&it=10,,,
Winds & Waves,Another Wind Gust,seed=f&f=flglh_1_0&g=frgrh_1_0&h=rflglhr_1_0&r=r_3_60&l=l_4_60&it=10,,,
Winds & Waves,Hourglass Sailboats (Chef's Knife R-Curve Variant),seed=f&f=frfblb_1_0&b=bb_2_0&r=rb_3_135&l=bl_4_135&it=10,,,
Winds & Waves,Godzilla Fin Chain,seed=f&f=frfrbrb_1_0&b=blbblb_2_0&r=r_3_150&l=l_4_90&it=7,,,
Winds & Waves,Tentacles,seed=f&f=frfrfrlfl_1_0&r=r_3_60&l=l_4_150&it=8,,,
Winds & Waves,Loopy Wind Gust,seed=f&f=frfrrfrrrf_1_0&r=r_4_60&it=8,,,
Winds & Waves,Wind Gust Waves,seed=f&f=rfl_1_0&b=lbr_2_0&r=rb_3_60&l=fl_4_60&it=12,,,
Winds & Waves,Sea Blob,seed=f&f=rfllffrrfl_1_0&r=r_3_150&l=l_4_90&it=8,,,
Winds & Waves,S-Wave,seed=f&f=rflrfl_1_0&b=bb_2_0&r=rb_3_150&l=bl_4_60&it=12,,,
Winds & Waves,Amber Waves of Grain,seed=f&f=rfrfl_1_0&b=bb_2_0&r=rb_3_30&l=bl_4_150&it=11,,,
Winds & Waves,Continental Map 2,seed=flf&f=fpfpfmfmg_1_0&g=fmfmfpfpg_1_0&m=m_3_45&l=l_4_180&p=p_4_45&it=6,,,
Winds & Waves,Coninental Map 2 Spiral Variant,seed=flflf&f=fpfpfmfmg_1_0&g=fmfmfpfpg_1_0&m=m_3_45&l=l_4_120&p=p_4_45&it=6,,,
Winds & Waves,Twin DNA Streamers,seed=fr&f=rflf_1_0&r=rf_3_120&l=lf_4_30&it=9,,,
Winds & Waves,Fjord Trail,seed=frfrf&f=frfrflflg_1_0&g=flflfrfrg_1_0&l=l_4_45&r=r_3_45&it=6,,,
Winds & Waves,Shark Fin Dragon,seed=fx&f=f_1_0&r=r_3_45&l=l_4_45&x=xfryfrfylfl_0_0&y=rfrxflfxlfy_0_0&it=7,,,
Winds & Waves,Norwegian Coast,seed=fx&f=fl_1_0&l=l_3_45&r=r_4_45&x=xfry_0_0&y=xlfy_0_0&it=13,,,
Winds & Waves,Continental Map,seed=r&f=lfrfl_1_0&r=rrf_3_90&l=fll_4_90&it=10,,,
Zoological Curves,Thunderbird Curve,seed=f&f=fbrbf_1_0&b=lbfbl_2_0&r=r_3_90&l=l_4_90&it=10,,,
Zoological Curves,Mutant Cookie Monster (Cookie Chain Variant),seed=f&f=flfggflflflfggflflflfggflflflfggflfl_1_0&g=g_1_0&l=l_3_135&it=4,,,
Zoological Curves,Negative Space Monster Arms,seed=f&f=flflfrfrfr_1_0&r=r_3_135&l=l_4_90&it=6,,,
Zoological Curves,Fox Face Variant,seed=f&f=flfmblbrblbmflf_1_1&b=bb_2_1&l=l_3_30&m=m_3_60&r=r_4_120&it=7,,,
Zoological Curves,Lace Bird Mask,seed=f&f=flgiglf_1_0&l=l_3_30&m=hmh_3_60&r=iri_4_90&g=gpfhfpg_1_0&h=hhrhh_1_0&p=p_4_45&i=iimii_1_0&it=7,,,
Zoological Curves,Alien Fly,seed=f&f=frflflfrf_1_0&r=r_3_45&l=l_4_90&it=7,,,
Zoological Curves,Snowflake Angels,seed=f&f=frflfrf_1_0&r=r_3_150&l=flf_4_210&it=7,,,
Zoological Curves,Frank from Donnie Darko,seed=f&f=frgrf_1_0&g=flglf_1_0&r=r_3_60&l=l_4_60&it=9,,,
Zoological Curves,Thunderbird Profile,seed=f&f=fxyxf_1_0&r=rx_3_120&l=yl_4_120&x=lfrfrfl_0_0&y=rflflfr_0_0&it=7,,,
Zoological Curves,If Tron Had Seagulls ,seed=f&f=lflfrfrflfl_1_0&r=r_3_90&l=l_4_90&it=6,,,
Zoological Curves,Spider Curve,seed=f&f=lflrfrfrfrlfl_1_0&r=r_3_150&l=l_4_150&it=6,,,
Zoological Curves,Crawling Bat Curve,seed=f&f=lfrfl_1_0&r=rflfr_3_90&l=l_4_90&it=10,,,
Zoological Curves,Chaos Cookie Kermit,seed=f&f=rblflflbr_1_0&b=lfrbrbrfl_2_0&r=r_3_144&l=l_4_144&it=8,,,
Zoological Curves,Alien Kermit,seed=f&f=rblflflbr_1_0&b=lfrbrbrfl_2_0&r=r_3_150&l=l_4_150&it=8,,,
Zoological Curves,Fox Face,seed=f&f=rfblbfr_1_0&b=bb_2_0&r=r_3_135&l=l_4_135&it=12,,,
Zoological Curves,Boomerang Slugs,seed=f&f=rfr_1_0&g=lgl_1_0&r=rg_3_90&l=fl_4_90&it=14,,,
Zoological Curves,Skull King Curve,seed=f&f=rlflr_1_0&b=lrbrl_2_0&r=brb_3_30&l=flf_4_120&it=8,,,
Zoological Curves,Negative Space Shrek Flake,seed=frfrfrf&f=lfrrrfrlfrrrfrl_1_0&r=r_3_90&l=l_4_60&it=6,,,
Zoological Curves,Chaos Kermit,seed=l&f=flpfmmfmfmmfplf_1_0&m=mf_3_60&l=lf_4_90&p=pf_4_60&it=6,,,
Zoological Curves,Moth Curve,seed=r&f=rlr_1_0&r=ffrff_3_60&l=fflff_4_60&it=8,,,
Zoological Curves,Cartoon Guard Dog,seed=x&f=ff_1_0&r=rf_3_150&l=fl_4_60&x=xrfllfrflfrfllfrx_0_0&it=7,,,
Zoological Curves,Bird Says Scree,seed=f&it=5&f=frflflflfrf_1_0&l=l_4_150&r=r_3_45,,,
